seq,block,position,workload,mode,variant,prog_id,elapsed_s,delta_run_cnt,mpps,delta_run_time_ns,ns_per_pkt,inxpect_cycles_per_pkt,inxpect_total_cycles,inxpect_run_cnt
1,1,1,cms,full,native,16278,10.003083,38139615,3.812786,8371508346,219.496404,244.33,16022737972,65577044
4,1,4,cms,full,native,16410,10.003212,37687949,3.767585,8395944275,222.775303,250.44,16151205554,64491960
6,2,2,cms,full,native,16498,10.003251,35744158,3.573254,8092100664,226.389461,256.55,15837188486,61731886
7,2,3,cms,full,native,16542,10.003056,36193065,3.618201,8100032933,223.800690,250.25,15489026537,61893505
9,3,1,cms,full,native,16630,10.003357,38387862,3.837498,8367712127,217.978071,242.30,16058697931,66275125
12,3,4,cms,full,native,16762,10.003325,37722237,3.770970,7989823745,211.806732,237.88,15250990853,64112992
14,4,2,cms,full,native,16850,10.003340,36484244,3.647206,8068420421,221.148078,250.40,15781044333,63024257
15,4,3,cms,full,native,16894,10.003252,37800662,3.778837,8399609751,222.208007,4944.71,322835473957,65289118
17,5,1,cms,full,native,16982,10.003286,36301463,3.628954,8073238195,222.394293,247.37,15514097322,62717402
20,5,4,cms,full,native,17114,10.003069,38171808,3.816010,8384707973,219.657082,8004.61,527723968857,65927480
