run,prog_id,run_cnt_before,run_cnt_after,delta_run_cnt,instructions,instructions_per_pkt
1,2858,766667086,783669974,17002888,12489597043,734.557391
2,2858,805592650,822588146,16995496,12491789056,735.005854
3,2858,844493843,861447944,16954101,12462055600,735.046677
4,2858,883358854,900336681,16977827,12477594928,734.934743
5,2858,922234942,939138638,16903696,12418661671,734.671380
6,2858,961044070,977957934,16913864,12441583286,735.584919
7,2858,999867822,1016817326,16949504,12440027457,733.946401
8,2858,1038723445,1055699854,16976409,12488777279,735.654830
9,2858,1077628126,1094586069,16957943,12460874331,734.810486
10,2858,1116482182,1133407310,16925128,12443079430,735.183771
